{"cameraMode":{"drawMode":0,"name":"Shaded","section":"Shading Mode"},"sceneLighting":false,"audioPlay":false,"sceneViewState":{"m_AlwaysRefresh":false,"showFog":true,"showSkybox":false,"showFlares":true,"showImageEffects":true,"showParticleSystems":true,"showVisualEffectGraphs":true,"m_FxEnabled":true},"in2DMode":false,"pivot":{"x":0.017259061336517335,"y":-0.003911256790161133,"z":0.002229928970336914},"rotation":{"x":-0.17490248382091523,"y":-0.003842585952952504,"z":0.0006830018828622997,"w":-0.9845731854438782},"size":1.4124064445495606,"orthographic":false}